{
  "master": {
    "tasks": [
      {
        "id": 1,
        "title": "Setup Project Repository & dbt Configuration",
        "description": "Initialize the dbt project, configure the Git repository, and establish the connection to Snowflake. This task lays the foundational groundwork for all subsequent development.",
        "details": "Initialize a new dbt project using `dbt init`. Configure `dbt_project.yml` with project name, required dbt version (1.9.4), and model paths for bronze, silver, and gold layers. Set up `profiles.yml` for dev, staging, and prod environments with Snowflake credentials. Install dbt packages: `dbt_constraints`, `dbt_utils`, `dbt_artifacts` in `packages.yml`. Initialize a Git repository with a standard branching strategy (main, develop).",
        "testStrategy": "Run `dbt debug` to verify the Snowflake connection is successful. Run `dbt deps` to ensure all packages are installed correctly. Confirm the repository is pushed to a Git provider.",
        "priority": "high",
        "dependencies": [],
        "status": "done",
        "subtasks": []
      },
      {
        "id": 2,
        "title": "Implement Bronze Layer Staging Models",
        "description": "Create the initial Bronze layer models to stage raw data from the TPC-H source. These models will serve as the one-to-one representation of the source data with basic cleaning and standardization.",
        "details": "Create source configurations in a `sources.yml` file for the Snowflake Sample Data (TPC-H). Develop staging models for key TPC-H tables (e.g., customer, orders, lineitem) under `models/bronze/`. Use the `stg_{source}__{table}` naming convention (e.g., `stg_tpc_h__customer`). Materialize all staging models as `ephemeral` for optimal performance.",
        "testStrategy": "Run `dbt build --select bronze` to ensure all staging models build successfully. Check the compiled SQL to confirm they are not physically materialized in the database. Add basic `not_null` and `unique` tests to primary keys in the `sources.yml` and run `dbt test`.",
        "priority": "high",
        "dependencies": [
          1
        ],
        "status": "done",
        "subtasks": [
          {
            "id": 1,
            "title": "Create TPC-H sources configuration",
            "description": "Set up sources.yml file with Snowflake Sample Data (TPC-H) configuration",
            "details": "Create models/bronze/sources.yml with TPC-H source definitions including customer, orders, lineitem, part, supplier, partsupp, nation, region tables. Add basic source tests for not_null and unique constraints on primary keys.",
            "status": "done",
            "dependencies": [],
            "parentTaskId": 2
          },
          {
            "id": 2,
            "title": "Build stg_tpc_h__customer staging model",
            "description": "Create customer staging model with standardized naming and ephemeral materialization",
            "details": "Implement stg_tpc_h__customer.sql with proper field naming, data type casting, and basic transformations. Follow ephemeral materialization strategy.",
            "status": "done",
            "dependencies": [],
            "parentTaskId": 2
          },
          {
            "id": 3,
            "title": "Build stg_tpc_h__orders staging model",
            "description": "Create orders staging model with proper transformations",
            "details": "Implement stg_tpc_h__orders.sql with date formatting, status standardization, and foreign key relationships to customer.",
            "status": "done",
            "dependencies": [],
            "parentTaskId": 2
          },
          {
            "id": 4,
            "title": "Build stg_tpc_h__lineitem staging model",
            "description": "Create lineitem staging model for order detail data",
            "details": "Implement stg_tpc_h__lineitem.sql with quantity, pricing, and shipping calculations. Include relationships to orders and parts.",
            "status": "done",
            "dependencies": [],
            "parentTaskId": 2
          },
          {
            "id": 5,
            "title": "Build remaining TPC-H staging models",
            "description": "Complete staging models for part, supplier, partsupp, nation, region",
            "details": "Implement staging models for remaining TPC-H tables following same patterns and naming conventions.",
            "status": "done",
            "dependencies": [],
            "parentTaskId": 2
          }
        ]
      },
      {
        "id": 3,
        "title": "Integrate Core Testing with dbt_constraints",
        "description": "Establish a robust data quality framework by implementing primary and foreign key constraints using the `dbt_constraints` package on the Bronze layer models.",
        "details": "In the `bronze.yml` schema file, add `dbt_constraints.primary_key` tests to all staging models. Define `dbt_constraints.foreign_key` relationships between the staging models (e.g., `stg_tpc_h__orders.customer_key` referencing `stg_tpc_h__customer.customer_key`).",
        "testStrategy": "Execute `dbt test --select bronze` and verify all tests pass. Inspect the Snowflake database to confirm that informational constraints have been created on the source tables. Intentionally introduce a data quality issue to see a test fail.",
        "priority": "high",
        "dependencies": [
          2
        ],
        "status": "done",
        "subtasks": [
          {
            "id": 1,
            "title": "Move tests from ephemeral models to source tables",
            "description": "Move tests from ephemeral models to underlying source tables",
            "details": "Review all Bronze layer ephemeral models and move their tests to the underlying source tables in _sources.yml. If tests already exist on source tables, remove the duplicate tests from ephemeral models to avoid redundancy and improve performance.",
            "status": "done",
            "dependencies": [],
            "parentTaskId": 3
          }
        ]
      },
      {
        "id": 4,
        "title": "Develop Silver Layer Intermediate Models",
        "description": "Build Silver layer models that contain business logic, transformations, and enrichments. This task focuses on creating reusable, clean data sets for downstream analytics.",
        "details": "Create the `int_customers__with_orders` model in `models/silver/` by joining `stg_tpc_h__customer` and `stg_tpc_h__orders`. Calculate customer-level aggregations like `first_order_date`, `last_order_date`, and `number_of_orders`. Use Jinja and macros from `dbt_utils` (e.g., `dbt_utils.star`) to streamline the model. Materialize as `table`.",
        "testStrategy": "Run `dbt build --select int_customers__with_orders`. Write singular tests to validate business logic (e.g., `number_of_orders` must be >= 1). Verify the model's data by comparing aggregations against direct SQL queries on the source data.",
        "priority": "medium",
        "dependencies": [
          2
        ],
        "status": "done",
        "subtasks": [
          {
            "id": 1,
            "title": "Create int_customers__with_orders model",
            "description": "Build customer aggregation model with order metrics",
            "details": "Create int_customers__with_orders.sql joining staging customer and orders models. Calculate first_order_date, last_order_date, number_of_orders, total_spent, and customer lifetime value.",
            "status": "done",
            "dependencies": [],
            "parentTaskId": 4
          },
          {
            "id": 2,
            "title": "Build customer_segments model",
            "description": "Implement customer segmentation logic based on RFM analysis",
            "details": "Create customer_segments.sql with Recency, Frequency, Monetary analysis. Use dbt_utils macros and advanced SQL window functions for segmentation scoring.",
            "status": "done",
            "dependencies": [],
            "parentTaskId": 4
          },
          {
            "id": 4,
            "title": "Create custom Jinja macros",
            "description": "Implement Jinja macros for reusable business logic",
            "details": "Create custom macros in macros/ folder for profit calculations, date transformations, and customer scoring logic.",
            "status": "done",
            "dependencies": [],
            "parentTaskId": 4
          },
          {
            "id": 5,
            "title": "Implement Silver layer testing",
            "description": "Add comprehensive testing for Silver layer models",
            "details": "Create schema.yml with tests for data quality, business rules, and referential integrity. Include singular tests for complex business logic validation.",
            "status": "done",
            "dependencies": [],
            "parentTaskId": 4
          }
        ]
      },
      {
        "id": 5,
        "title": "Build Initial Gold Layer Marts",
        "description": "Create the first set of business-ready dimension and fact tables in the Gold layer, optimized for BI and reporting.",
        "details": "Develop `dim_customers` from `int_customers__with_orders` in `models/gold/`. Create `fct_order_lines` by joining `stg_tpc_h__orders` and `stg_tpc_h__lineitem`. Use surrogate keys generated with `dbt_utils.generate_surrogate_key`. Materialize both models as `table`. Add comprehensive documentation and meta tags in a `gold.yml` schema file.",
        "testStrategy": "Run `dbt build --select gold`. Add primary key, foreign key, and `not_null` tests to the Gold models. Verify that the surrogate keys are unique and correctly link the fact and dimension tables. Check that documentation is generated correctly with `dbt docs generate`.",
        "priority": "medium",
        "dependencies": [
          4
        ],
        "status": "done",
        "subtasks": [
          {
            "id": 1,
            "title": "Design Gold Layer Mart Schema and Surrogate Key Strategy",
            "description": "Define the schema for the initial Gold layer marts, including business-ready dimension and fact tables. Specify surrogate key generation approach and ensure alignment with BI/reporting requirements.",
            "dependencies": [],
            "details": "Work with business stakeholders and BI consumers to identify required dimensions and facts for the initial marts (e.g., customers, orders, order lines). Document the schema for each table, including column names, data types, and business definitions. Decide on surrogate key generation (e.g., using dbt_utils.surrogate_key macro) for all dimension and fact tables to ensure uniqueness and referential integrity. Capture all requirements in a design document or as dbt model YAML comments.",
            "status": "done",
            "testStrategy": "Review schema with BI/reporting teams and validate surrogate key approach with sample data."
          },
          {
            "id": 2,
            "title": "Develop Gold Layer Dimension Models with Surrogate Keys",
            "description": "Implement the dimension tables in the Gold layer, generating surrogate keys and materializing as incremental models.",
            "dependencies": [
              "5.1"
            ],
            "details": "Create dbt models for each dimension (e.g., dim_customers, dim_orders) in the gold/ directory. Use the dbt_utils.surrogate_key macro to generate surrogate keys based on relevant business keys. Join to Silver layer models as needed to enrich dimension attributes. Materialize each model as incremental for performance. Add model-level and column-level documentation and meta tags in the corresponding schema YAML file.",
            "status": "done",
            "testStrategy": "Run dbt build and verify that dimension tables are created with correct structure and unique surrogate keys. Use dbt tests for uniqueness and not null constraints on surrogate keys."
          },
          {
            "id": 3,
            "title": "Develop Gold Layer Fact Models with Surrogate Key Joins",
            "description": "Build fact tables in the Gold layer by joining relevant Silver models and dimension tables using surrogate keys. Materialize as incremental models.",
            "dependencies": [
              "5.2"
            ],
            "details": "Create dbt models for fact tables (e.g., fact_order_line) in the gold/ directory. Join Silver layer fact sources to Gold layer dimensions using surrogate keys to ensure referential integrity. Calculate required business metrics and aggregations. Materialize each fact model as incremental. Add comprehensive documentation and meta tags in the schema YAML file.",
            "status": "done",
            "testStrategy": "Run dbt build and validate that fact tables are populated, surrogate keys are present, and joins to dimensions are correct. Use dbt tests for referential integrity and not null constraints."
          },
          {
            "id": 4,
            "title": "Implement Data Quality Tests and Constraints on Gold Models",
            "description": "Add primary key, foreign key, uniqueness, and not null tests to all Gold layer models. Ensure surrogate keys are unique and relationships are enforced.",
            "dependencies": [
              "5.3"
            ],
            "details": "In the schema YAML files for Gold models, define dbt tests for primary keys (uniqueness), foreign keys (relationships between fact and dimension tables), and not null constraints on all key columns. Use dbt_constraints and dbt_utils packages to implement these tests. Ensure all surrogate keys are tested for uniqueness and correct linkage.",
            "status": "done",
            "testStrategy": "Run dbt test and confirm all tests pass. Intentionally introduce a data issue to verify that tests fail as expected."
          },
          {
            "id": 5,
            "title": "Generate and Validate Documentation for Gold Layer Marts",
            "description": "Produce comprehensive documentation for all Gold layer models, including meta tags, descriptions, and lineage. Validate documentation and BI readiness.",
            "dependencies": [
              "5.4"
            ],
            "details": "Ensure all Gold layer models and columns have detailed descriptions and meta tags in the schema YAML files. Run dbt docs generate to build the documentation site. Review the lineage graph and model details to confirm completeness. Share documentation with BI/reporting teams for feedback and validation.",
            "status": "done",
            "testStrategy": "Open the dbt docs site, navigate to Gold models, and verify that all documentation, meta tags, and lineage are present and accurate. Confirm with BI/reporting users that the marts meet their requirements."
          }
        ]
      },
      {
        "id": 6,
        "title": "Enhance and Optimize Incremental & SCD Type 2 Models",
        "description": "Refine and optimize the project's existing incremental and SCD Type 2 models to improve performance, robustness, and introduce advanced data handling patterns. This task builds upon the existing implementations in the `gold` layer and `snapshots` directory.",
        "status": "done",
        "dependencies": [
          5
        ],
        "priority": "medium",
        "details": "The initial implementation of incremental models (e.g., `fct_order_lines`) and SCD Type 2 snapshots (e.g., `dim_customers_scd`) is complete. This task focuses on enhancement and optimization.\n\n1.  **Optimize `fct_order_lines`**: The current incremental logic in `models/gold/fct_order_lines.sql` uses a basic `where order_date >= (select max(order_date) from {{ this }})`. Refactor this to use a more robust strategy that can handle out-of-order events, for example by looking back a certain interval or using a custom macro to manage the watermark.\n\n2.  **Implement Advanced Incremental Pattern**: Create a new model, `fct_daily_sales_summary`, that aggregates data from `fct_order_lines`. This model should be materialized as `incremental` and use an `insert_overwrite` strategy partitioned by date. This is a highly efficient pattern for recalculating daily aggregates without a full table scan.\n\n3.  **Enhance SCD Type 2 Snapshot**: For the existing `snapshots/dim_customers_scd.sql`, add comprehensive schema tests in a corresponding `schema.yml` file. These tests should validate the snapshot's integrity (e.g., ensuring `dbt_valid_to` is null for only one record per `unique_key`). Add detailed descriptions for the snapshot-specific columns (`dbt_valid_from`, `dbt_valid_to`, etc.) to improve documentation.",
        "testStrategy": "1. **Incremental Optimization**: After refactoring `fct_order_lines`, run `dbt run --select fct_order_lines`. Check the Snowflake query history to confirm the generated `WHERE` clause uses the new, more robust logic.\n2. **Aggregate Model**: Run `dbt run --select fct_daily_sales_summary`. Modify source data for a specific day and run the model again. Verify that the `MERGE` statement generated by dbt correctly overwrites only the specified daily partition.\n3. **SCD Enhancement**: Run `dbt test --select dim_customers_scd`. All new tests should pass. Manually update a customer record in the source data, run `dbt snapshot`, and query `dim_customers_scd`. Confirm the previous record's `dbt_valid_to` is populated and a new record is created with `dbt_valid_to` as `NULL`.",
        "subtasks": []
      },
      {
        "id": 7,
        "title": "Implement Snowflake Streams and Dynamic Tables",
        "description": "Leverage Snowflake-specific features to implement change data capture (CDC) and near real-time analytics pipelines.",
        "details": "Create a Snowflake stream object on a source table (e.g., `orders`) to capture changes. Create a dbt model `stg_orders_cdc_stream` that reads only from this stream. Then, create a Silver layer model `order_facts_dynamic` materialized as a `dynamic_table` with a specified `lag` and `warehouse`.",
        "testStrategy": "Insert/update data in the source table. Run the dbt model that consumes the stream and verify it only processes the changed records. For the dynamic table, query it and check its metadata to ensure it's updating automatically within the specified lag period.",
        "priority": "medium",
        "dependencies": [
          2
        ],
        "status": "done",
        "subtasks": [
          {
            "id": 1,
            "title": "Setup customer CDC stream",
            "description": "Create Snowflake Stream for customer change data capture",
            "details": "Implement customer_cdc_stream using Snowflake CREATE STREAM syntax. Configure stream to track INSERT, UPDATE, DELETE operations on customer table.",
            "status": "done",
            "dependencies": [],
            "parentTaskId": 7
          },
          {
            "id": 2,
            "title": "Build incremental stream consumer",
            "description": "Build incremental model consuming CDC stream data",
            "details": "Create stg_orders_incremental.sql that processes stream data with proper merge logic for handling updates and deletes.",
            "status": "done",
            "dependencies": [],
            "parentTaskId": 7
          },
          {
            "id": 3,
            "title": "Build dynamic table for real-time analytics",
            "description": "Create real-time order analytics dynamic table",
            "details": "Implement order_facts_dynamic using Snowflake dynamic tables with configurable lag settings for near real-time analytics.",
            "status": "done",
            "dependencies": [],
            "parentTaskId": 7
          },
          {
            "id": 4,
            "title": "Configure refresh and lag settings",
            "description": "Configure stream and dynamic table refresh settings",
            "details": "Set up appropriate lag configurations, warehouse assignments, and refresh schedules for optimal performance and cost.",
            "status": "done",
            "dependencies": [],
            "parentTaskId": 7
          },
          {
            "id": 5,
            "title": "Implement real-time monitoring",
            "description": "Add monitoring and validation for real-time features",
            "details": "Create tests and monitoring queries to validate stream consumption and dynamic table freshness. Add alerting for lag threshold breaches.",
            "status": "done",
            "dependencies": [],
            "parentTaskId": 7
          }
        ]
      },
      {
        "id": 8,
        "title": "Develop Python Model with Snowpark for ML",
        "description": "Showcase the integration of Python and Snowpark within dbt for advanced analytics and machine learning workflows.",
        "details": "Create a Python model `customer_clustering.py` in `models/silver/`. Use the Snowpark API to read data from `int_customers__with_orders`. Use a library like scikit-learn (available in Snowpark) to perform K-Means clustering on customer metrics. The model should return a Snowpark DataFrame containing `customer_key` and the assigned `cluster_label`.",
        "testStrategy": "Run `dbt build --select customer_clustering`. Verify that the output table is created in Snowflake and contains the expected columns (`customer_key`, `cluster_label`). Check the Snowflake query history to confirm that the Python code was executed via Snowpark.",
        "priority": "low",
        "dependencies": [
          4
        ],
        "status": "done",
        "subtasks": []
      },
      {
        "id": 9,
        "title": "Configure CI/CD Pipeline with GitHub Actions",
        "description": "Automate the testing and deployment process using GitHub Actions to ensure code quality and maintain a stable production environment.",
        "details": "Create a workflow file in `.github/workflows/ci.yml`. Configure the workflow to trigger on pull requests to the `main` branch. The job should check out the code, set up Python and dbt, install dependencies (`dbt deps`), and run `dbt build` and `dbt test` against a dedicated CI Snowflake environment. Use environment variables and GitHub secrets for Snowflake credentials.",
        "testStrategy": "Create a new branch, make a small change to a model, and open a pull request. Verify that the GitHub Action triggers automatically, runs all steps, and reports a success or failure status on the PR.",
        "priority": "high",
        "dependencies": [
          1
        ],
        "status": "done",
        "subtasks": [
          {
            "id": 1,
            "title": "Setup GitHub Actions workflow structure",
            "description": "Create GitHub Actions workflow file structure",
            "details": "Set up .github/workflows/deploy-dbt-project.yml with proper job structure, triggers on pull requests and main branch pushes.",
            "status": "done",
            "dependencies": [],
            "parentTaskId": 9
          },
          {
            "id": 2,
            "title": "Configure multi-environment deployment",
            "description": "Configure multi-environment deployment strategy",
            "details": "Set up dev, staging, and prod environment configurations with proper Snowflake target settings and credential management.",
            "status": "done",
            "dependencies": [],
            "parentTaskId": 9
          },
          {
            "id": 3,
            "title": "Build automated testing pipeline",
            "description": "Implement automated testing pipeline",
            "details": "Add dbt test, dbt compile, and data quality validation steps. Include failure handling and test result reporting.",
            "status": "done",
            "dependencies": [],
            "parentTaskId": 9
          },
          {
            "id": 4,
            "title": "Setup secure credential management",
            "description": "Configure secure credential management",
            "details": "Set up GitHub Secrets for Snowflake credentials, implement proper secret rotation, and add security scanning.",
            "status": "done",
            "dependencies": [],
            "parentTaskId": 9
          },
          {
            "id": 5,
            "title": "Implement pipeline monitoring",
            "description": "Add monitoring and notification system",
            "details": "Configure deployment notifications, failure alerting, and performance monitoring for the CI/CD pipeline.",
            "status": "done",
            "dependencies": [],
            "parentTaskId": 9
          }
        ]
      },
      {
        "id": 10,
        "title": "Implement Snowflake Performance Optimizations",
        "description": "Apply Snowflake-specific performance tuning techniques to optimize query performance and compute costs for large-scale models.",
        "details": "In `dbt_project.yml` or model config blocks, add a `cluster_by` configuration to the `fct_order_lines` model (e.g., cluster by `order_date`). Create a custom macro to dynamically assign a Snowflake warehouse based on model tags. Apply `query_tag` configurations to dbt runs to improve monitoring.",
        "testStrategy": "After applying clustering, run analytical queries against `fct_order_lines` and check the Snowflake query profile to verify that partition pruning is occurring. Verify in the query history that different models are using the correctly assigned warehouses and that the dbt query tag is present.",
        "priority": "low",
        "dependencies": [
          5
        ],
        "status": "done",
        "subtasks": []
      },
      {
        "id": 11,
        "title": "Implement Security & Governance Features",
        "description": "Implement robust data security and governance using Snowflake's native features, managed through dbt.",
        "details": "Create a post-hook in a model's configuration to create a `secure view` on top of a model containing PII. Use dbt operations to create and apply a row-level security policy to a table (e.g., `dim_customers`) to restrict data access based on user roles. Similarly, apply a column masking policy to a PII column.",
        "testStrategy": "Log in to Snowflake with different user roles. Query the secure view and the table with the row-level security policy to confirm that data is filtered correctly. Query the masked column and verify that non-privileged users see the masked value.",
        "priority": "low",
        "dependencies": [
          5
        ],
        "status": "done",
        "subtasks": []
      },
      {
        "id": 12,
        "title": "Integrate Snowflake Cortex and BI Exposures",
        "description": "Demonstrate advanced AI capabilities using Snowflake Cortex and formally define the project's data products for BI tool integration using dbt exposures.",
        "details": "Create a new Silver model that uses a Snowflake Cortex SQL function (e.g., `sentiment_analysis()` on review text or `forecast()` on sales data). In a `exposures.yml` file, define an exposure for the `executive_dashboard` model. Specify the type (e.g., 'dashboard'), owner, and the models it depends on.",
        "testStrategy": "Run `dbt build` for the Cortex model and verify the output contains the AI-generated results. Run `dbt docs generate` and view the generated documentation site. Navigate to the lineage graph and confirm the exposure node is present and correctly linked to its upstream models.",
        "priority": "low",
        "dependencies": [
          5
        ],
        "status": "done",
        "subtasks": []
      }
    ],
    "metadata": {
      "created": "2025-09-30T16:11:44.509Z",
      "updated": "2025-09-30T22:48:19.601Z",
      "description": "Tasks for master context"
    }
  }
}