{
	"meta": {
		"generatedAt": "2025-09-30T22:32:54.252Z",
		"tasksAnalyzed": 8,
		"totalTasks": 12,
		"analysisCount": 8,
		"thresholdScore": 5,
		"projectName": "Taskmaster",
		"usedResearch": true
	},
	"complexityAnalysis": [
		{
			"taskId": 5,
			"taskTitle": "Build Initial Gold Layer Marts",
			"complexityScore": 5,
			"recommendedSubtasks": 3,
			"expansionPrompt": "Create the `dim_customers` model in `models/gold/dim_customers.sql`. The model should select all columns from `ref('int_customers__with_orders')`. Add a new column named `customer_sk` as the first column, generated using `dbt_utils.generate_surrogate_key(['customer_key'])`. Materialize the model as a `table`.",
			"reasoning": "Based on the project structure, the `silver` and `bronze` layers are established, and the `int_customers__with_orders` model (Task 4) is complete. This task is greenfield development for the `gold` layer. The required actions—creating two new models (`dim_customers`, `fct_order_lines`) and a `gold.yml` file—are standard dbt practices. The use of `dbt_utils.generate_surrogate_key` is straightforward as `dbt_utils` is an installed package. The complexity is medium (5/10) because it's foundational work establishing the presentation layer, but it doesn't require advanced or non-standard patterns. A 3-subtask breakdown (dim model, fact model, schema/docs) is a logical workflow."
		},
		{
			"taskId": 6,
			"taskTitle": "Implement Incremental & SCD Type 2 Models",
			"complexityScore": 7,
			"recommendedSubtasks": 2,
			"expansionPrompt": "Refactor the `models/gold/fct_order_lines.sql` model to be an incremental model. Add a config block to set the materialization to `incremental` and `unique_key` to a surrogate key like `order_line_sk`. Use the `is_incremental()` macro to filter for new or updated records based on a timestamp column (e.g., `order_date`).",
			"reasoning": "This task introduces two advanced dbt concepts not yet used in the project: incremental models and snapshots. Grepping the codebase confirms no prior use of `is_incremental()` or `snapshot` blocks. This means developing new patterns. Refactoring `fct_order_lines` requires careful logic to handle the incremental load correctly. Creating a snapshot requires a new `snapshots` directory, configuration in `dbt_project.yml`, and a new file type. The complexity is high (7/10) due to the need to implement and test these advanced materialization strategies correctly for the first time. Two subtasks are recommended to separate the incremental model refactoring from the new snapshot implementation."
		},
		{
			"taskId": 7,
			"taskTitle": "Implement Snowflake Streams and Dynamic Tables",
			"complexityScore": 8,
			"recommendedSubtasks": 2,
			"expansionPrompt": "The next pending subtask is 'Configure refresh and lag settings'. Modify the existing `order_facts_dynamic` model file. In its config block, add or update the `lag` and `warehouse` properties. Set the lag to '10 minutes' and the warehouse to a specific BI warehouse name. Then, create a new dbt operation in `ops/refresh_dynamic_tables.sql` that executes `ALTER DYNAMIC TABLE ... REFRESH` to demonstrate manual triggering.",
			"reasoning": "This task involves Snowflake-specific features (Streams, Dynamic Tables) that are complex to manage within a dbt project. Although some subtasks are marked 'done', the pending work on configuration and monitoring is critical and non-trivial. Implementing and managing near real-time pipelines requires knowledge beyond standard dbt modeling, including DDL management for streams (likely via hooks or operations) and understanding the behavior of dynamic tables. The complexity is high (8/10) due to the specialized Snowflake knowledge required and the operational challenges of maintaining a near real-time pipeline. The two remaining subtasks are appropriate for completing the feature."
		},
		{
			"taskId": 8,
			"taskTitle": "Develop Python Model with Snowpark for ML",
			"complexityScore": 8,
			"recommendedSubtasks": 3,
			"expansionPrompt": "Create a new dbt Python model at `models/silver/customer_clustering.py`. In this file, define the `model(dbt, session)` function. Inside the function, use `dbt.ref('int_customers__with_orders')` to load the upstream model into a Snowpark DataFrame. Select the relevant numeric columns for clustering, such as `number_of_orders` and any customer value metrics, and handle any necessary data type casting or null value imputation.",
			"reasoning": "This is a greenfield task using dbt's Python models, which requires a different skillset from the rest of the SQL-based project. A search for `.py` files in the `models` directory confirms none exist. The task requires knowledge of Python, the Snowpark DataFrame API, and ML libraries. The complexity is high (8/10) because it introduces a new language, execution environment (Snowpark), and paradigm (procedural ML code vs. declarative SQL) into the project. A 3-subtask breakdown (data prep, ML logic, final output) is a good approach to structure the Python code."
		},
		{
			"taskId": 9,
			"taskTitle": "Configure CI/CD Pipeline with GitHub Actions",
			"complexityScore": 7,
			"recommendedSubtasks": 2,
			"expansionPrompt": "The next pending subtask is 'Setup secure credential management'. In the GitHub repository settings, create secrets for the Snowflake production environment: `PROD_SNOWFLAKE_USER`, `PROD_SNOWFLAKE_PASSWORD`, `PROD_SNOWFLAKE_ACCOUNT`. Then, modify the `.github/workflows/deploy-dbt-project.yml` file. In the 'Deploy to Prod' job, replace any placeholder credentials with references to these secrets, e.g., `password: ${{ secrets.PROD_SNOWFLAKE_PASSWORD }}`.",
			"reasoning": "This is a DevOps task. Analysis of the `.github/workflows` directory shows a file exists, but the pending subtasks ('secure credential management', 'pipeline monitoring') are critical for a production-ready pipeline. Setting up secrets, managing environments, and adding monitoring/alerting requires knowledge of GitHub Actions, YAML, and CI/CD best practices. The complexity is medium-high (7/10) because a robust, multi-environment pipeline with proper security and monitoring is significantly more complex than a basic `dbt run` script. The two remaining subtasks are logical next steps to harden the existing pipeline."
		},
		{
			"taskId": 10,
			"taskTitle": "Implement Snowflake Performance Optimizations",
			"complexityScore": 4,
			"recommendedSubtasks": 2,
			"expansionPrompt": "In the `models/gold/fct_order_lines.sql` model, add a config block to apply a `cluster_by` key on an appropriate date or high-cardinality key like `order_date`. The config should look like: `{{ config(cluster_by=['order_date']) }}`. Additionally, in the `dbt_project.yml` file, add a global `query-tag` configuration under the project-level `+` config.",
			"reasoning": "This task combines simple configuration with more advanced macro development. Grepping the project for `cluster_by` and `query_tag` shows they are not in use. Adding these is a low-effort configuration change. However, creating a custom macro for dynamic warehouse assignment requires Jinja scripting and knowledge of dbt's context variables, which is more complex. The overall complexity is therefore low-to-medium (4/10). Recommending 2 subtasks allows for separating the simple config changes from the more involved macro development."
		},
		{
			"taskId": 11,
			"taskTitle": "Implement Security & Governance Features",
			"complexityScore": 9,
			"recommendedSubtasks": 3,
			"expansionPrompt": "Create a new macro in `macros/apply_masking_policy.sql`. This macro should accept a column name as an argument and generate the DDL for a masking policy (e.g., `create or replace masking policy pii_mask as (val string) returns string -> case when current_role() in ('ANALYST') then val else '***' end`). Then, in the `gold.yml` file, use a `post-hook` within a model's configuration to call this macro and apply the policy to a PII column like `email`.",
			"reasoning": "This is a highly advanced task. A codebase search for `post-hook`, `row access policy`, or `masking policy` confirms these patterns do not exist in the project. Implementation requires writing idempotent DDL within Jinja macros and executing it via dbt's hooks or operations. This demands a deep understanding of both dbt's execution lifecycle and Snowflake's granular security model. The complexity is very high (9/10) due to the combination of advanced features from both tools. Breaking the task into 3 subtasks (one for each security feature: masking, RLS, secure views) is essential to manage the complexity."
		},
		{
			"taskId": 12,
			"taskTitle": "Integrate Snowflake Cortex and BI Exposures",
			"complexityScore": 3,
			"recommendedSubtasks": 2,
			"expansionPrompt": "Create a new SQL model in `models/silver/reviews_with_sentiment.sql`. Assume a source model `stg_reviews` exists with a `review_text` column. The new model should select all columns from the source and add a new column named `sentiment_score` by calling the Snowflake Cortex function `snowflake.cortex.sentiment('en', review_text)`. Materialize this model as a table.",
			"reasoning": "Codebase analysis shows no existing use of Snowflake Cortex functions or dbt exposures. However, implementing them is straightforward. Using a Cortex function is syntactically identical to any other SQL function call within a dbt model. Creating an `exposures.yml` file involves simple, declarative YAML. The complexity is low (3/10) because the task is about applying new, but simple, features rather than solving a complex logic or engineering problem. Two subtasks are appropriate to separate the Cortex model creation from the exposure definition."
		}
	]
}